x,y,vx,vy,t
0,0.413,70.711,70.711,0
0.071,0.484,70.697,70.687,0.001
0.777,1.189,70.558,70.45,0.002
1.482,1.893,70.42,70.214,0.003
2.185,2.594,70.282,69.979,0.004
2.888,3.292,70.145,69.745,0.005
3.588,3.988,70.009,69.511,0.006
4.288,4.682,69.873,69.279,0.007
4.986,5.374,69.738,69.047,0.008
5.682,6.063,69.604,68.816,0.009
6.378,6.75,69.47,68.585,0.01
7.072,7.435,69.337,68.356,0.011
7.765,8.117,69.204,68.127,0.012
8.456,8.798,69.072,67.899,0.013
9.146,9.475,68.941,67.672,0.014
9.835,10.151,68.81,67.446,0.015
10.522,10.824,68.68,67.22,0.016
11.208,11.495,68.55,66.995,0.017
11.893,12.164,68.421,66.771,0.018
12.577,12.831,68.293,66.548,0.019
13.259,13.495,68.165,66.325,0.02
13.94,14.157,68.037,66.103,0.021
14.62,14.817,67.91,65.882,0.022
15.298,15.475,67.784,65.662,0.023
15.976,16.131,67.659,65.442,0.024
16.651,16.784,67.533,65.223,0.025
17.326,17.435,67.409,65.005,0.026
18,18.084,67.285,64.787,0.027
18.672,18.731,67.161,64.57,0.028
19.343,19.375,67.039,64.354,0.029
20.013,20.018,66.916,64.139,0.03
20.681,20.658,66.794,63.924,0.031
21.349,21.296,66.673,63.71,0.032
22.015,21.932,66.552,63.496,0.033
22.68,22.566,66.432,63.284,0.034
23.343,23.198,66.312,63.072,0.035
24.006,23.828,66.193,62.86,0.036
24.667,24.455,66.074,62.65,0.037
25.327,25.081,65.956,62.44,0.038
25.986,25.704,65.838,62.23,0.039
26.644,26.325,65.721,62.022,0.04
27.301,26.944,65.605,61.813,0.041
27.956,27.562,65.488,61.606,0.042
28.61,28.177,65.373,61.399,0.043
29.264,28.79,65.258,61.193,0.044
29.916,29.4,65.143,60.988,0.045
30.566,30.009,65.029,60.783,0.046
31.216,30.616,64.915,60.578,0.047
31.865,31.221,64.802,60.375,0.048
32.512,31.824,64.689,60.172,0.049
33.159,32.424,64.577,59.969,0.05
33.804,33.023,64.465,59.767,0.051
34.448,33.62,64.354,59.566,0.052
35.091,34.214,64.243,59.366,0.053
35.733,34.807,64.132,59.166,0.054
36.373,35.398,64.022,58.966,0.055
37.013,35.986,63.913,58.767,0.056
37.652,36.573,63.804,58.569,0.057
38.289,37.158,63.695,58.372,0.058
38.926,37.74,63.587,58.174,0.059
39.561,38.321,63.479,57.978,0.06
40.195,38.9,63.372,57.782,0.061
40.828,39.477,63.265,57.587,0.062
41.461,40.052,63.159,57.392,0.063
42.092,40.625,63.053,57.198,0.064
42.722,41.196,62.948,57.004,0.065
43.351,41.765,62.843,56.811,0.066
43.978,42.332,62.738,56.618,0.067
44.605,42.897,62.634,56.426,0.068
45.231,43.46,62.53,56.235,0.069
45.856,44.022,62.427,56.044,0.07
46.48,44.581,62.324,55.854,0.071
47.102,45.139,62.222,55.664,0.072
47.724,45.695,62.119,55.475,0.073
48.345,46.248,62.018,55.286,0.074
48.964,46.8,61.917,55.098,0.075
49.583,47.35,61.816,54.91,0.076
50.201,47.898,61.715,54.723,0.077
50.817,48.445,61.615,54.536,0.078
51.433,48.989,61.516,54.35,0.079
52.048,49.532,61.417,54.164,0.08
52.661,50.072,61.318,53.979,0.081
53.274,50.611,61.219,53.795,0.082
53.886,51.148,61.121,53.61,0.083
54.497,51.684,61.024,53.427,0.084
55.106,52.217,60.926,53.244,0.085
55.715,52.748,60.83,53.061,0.086
56.323,53.278,60.733,52.879,0.087
56.93,53.806,60.637,52.697,0.088
57.536,54.332,60.541,52.516,0.089
58.141,54.856,60.446,52.335,0.09
58.745,55.379,60.351,52.155,0.091
59.348,55.899,60.256,51.975,0.092
59.95,56.418,60.162,51.796,0.093
60.551,56.935,60.068,51.617,0.094
61.151,57.451,59.975,51.439,0.095
61.75,57.964,59.882,51.261,0.096
62.349,58.476,59.789,51.084,0.097
62.946,58.986,59.697,50.907,0.098
63.543,59.494,59.605,50.73,0.099
64.138,60,59.513,50.554,0.1
64.733,60.505,59.422,50.379,0.101
65.327,61.008,59.331,50.204,0.102
65.92,61.509,59.24,50.029,0.103
66.511,62.009,59.15,49.855,0.104
67.102,62.506,59.06,49.681,0.105
67.693,63.002,58.97,49.508,0.106
68.282,63.496,58.881,49.335,0.107
68.87,63.989,58.792,49.162,0.108
69.458,64.48,58.704,48.99,0.109
70.044,64.969,58.615,48.819,0.11
70.63,65.456,58.528,48.648,0.111
71.215,65.942,58.44,48.477,0.112
71.799,66.426,58.353,48.307,0.113
72.382,66.908,58.266,48.137,0.114
72.964,67.388,58.179,47.967,0.115
73.546,67.867,58.093,47.798,0.116
74.126,68.344,58.007,47.629,0.117
74.706,68.82,57.922,47.461,0.118
75.284,69.294,57.837,47.293,0.119
75.862,69.766,57.752,47.126,0.12
76.44,70.236,57.667,46.959,0.121
77.016,70.705,57.583,46.792,0.122
77.591,71.172,57.499,46.626,0.123
78.166,71.637,57.415,46.46,0.124
78.739,72.101,57.332,46.295,0.125
79.312,72.563,57.249,46.13,0.126
79.884,73.024,57.166,45.965,0.127
80.456,73.483,57.084,45.801,0.128
81.026,73.94,57.002,45.637,0.129
81.596,74.395,56.92,45.474,0.13
82.165,74.849,56.838,45.31,0.131
82.733,75.301,56.757,45.148,0.132
83.3,75.752,56.676,44.985,0.133
83.866,76.201,56.596,44.823,0.134
84.432,76.649,56.515,44.662,0.135
84.996,77.094,56.435,44.501,0.136
85.56,77.539,56.356,44.34,0.137
86.123,77.981,56.276,44.179,0.138
86.686,78.422,56.197,44.019,0.139
87.247,78.862,56.118,43.859,0.14
87.808,79.299,56.04,43.7,0.141
88.368,79.736,55.962,43.541,0.142
88.927,80.17,55.884,43.382,0.143
89.486,80.603,55.806,43.224,0.144
90.044,81.035,55.728,43.066,0.145
90.6,81.465,55.651,42.908,0.146
91.157,81.893,55.574,42.751,0.147
91.712,82.32,55.498,42.594,0.148
92.267,82.745,55.422,42.438,0.149
92.82,83.168,55.346,42.282,0.15
93.373,83.59,55.27,42.126,0.151
93.926,84.011,55.194,41.97,0.152
94.477,84.43,55.119,41.815,0.153
95.028,84.847,55.044,41.66,0.154
95.578,85.263,54.969,41.506,0.155
96.128,85.677,54.895,41.351,0.156
96.676,86.09,54.821,41.198,0.157
97.224,86.501,54.747,41.044,0.158
97.771,86.911,54.673,40.891,0.159
98.317,87.319,54.6,40.738,0.16
98.863,87.726,54.527,40.585,0.161
99.408,88.131,54.454,40.433,0.162
99.952,88.534,54.382,40.281,0.163
100.496,88.936,54.309,40.13,0.164
101.038,89.337,54.237,39.979,0.165
101.58,89.736,54.165,39.828,0.166
102.122,90.133,54.094,39.677,0.167
102.662,90.53,54.022,39.527,0.168
103.202,90.924,53.951,39.377,0.169
103.741,91.317,53.881,39.227,0.17
104.28,91.709,53.81,39.078,0.171
104.817,92.099,53.74,38.928,0.172
105.354,92.487,53.67,38.78,0.173
105.891,92.874,53.6,38.631,0.174
106.426,93.26,53.53,38.483,0.175
106.961,93.644,53.461,38.335,0.176
107.496,94.026,53.392,38.188,0.177
108.029,94.408,53.323,38.04,0.178
108.562,94.787,53.254,37.893,0.179
109.094,95.165,53.186,37.747,0.18
109.626,95.542,53.118,37.6,0.181
110.157,95.917,53.05,37.454,0.182
110.687,96.291,52.982,37.308,0.183
111.216,96.664,52.914,37.163,0.184
111.745,97.035,52.847,37.018,0.185
112.273,97.404,52.78,36.873,0.186
112.801,97.772,52.713,36.728,0.187
113.328,98.139,52.647,36.584,0.188
113.854,98.504,52.58,36.44,0.189
114.379,98.867,52.514,36.296,0.19
114.904,99.23,52.448,36.152,0.191
115.428,99.59,52.383,36.009,0.192
115.952,99.95,52.317,35.866,0.193
116.474,100.308,52.252,35.723,0.194
116.997,100.664,52.187,35.581,0.195
117.518,101.019,52.122,35.439,0.196
118.039,101.373,52.058,35.297,0.197
118.559,101.725,51.993,35.155,0.198
119.079,102.076,51.929,35.014,0.199
119.598,102.426,51.865,34.873,0.2
120.116,102.774,51.802,34.732,0.201
120.634,103.12,51.738,34.591,0.202
121.151,103.465,51.675,34.451,0.203
121.667,103.809,51.612,34.311,0.204
122.183,104.152,51.549,34.171,0.205
122.698,104.493,51.486,34.031,0.206
123.213,104.832,51.424,33.892,0.207
123.727,105.17,51.362,33.753,0.208
124.24,105.507,51.299,33.614,0.209
124.753,105.843,51.238,33.476,0.21
125.265,106.177,51.176,33.338,0.211
125.776,106.51,51.115,33.2,0.212
126.287,106.841,51.053,33.062,0.213
126.798,107.171,50.992,32.924,0.214
127.307,107.499,50.931,32.787,0.215
127.816,107.826,50.871,32.65,0.216
128.325,108.152,50.81,32.513,0.217
128.832,108.477,50.75,32.377,0.218
129.34,108.8,50.69,32.24,0.219
129.846,109.122,50.63,32.104,0.22
130.352,109.442,50.571,31.968,0.221
130.858,109.761,50.511,31.833,0.222
131.362,110.079,50.452,31.697,0.223
131.867,110.395,50.393,31.562,0.224
132.37,110.71,50.334,31.427,0.225
132.873,111.023,50.275,31.293,0.226
133.376,111.336,50.217,31.158,0.227
133.878,111.647,50.158,31.024,0.228
134.379,111.956,50.1,30.89,0.229
134.88,112.264,50.042,30.756,0.23
135.38,112.571,49.984,30.623,0.231
135.879,112.877,49.927,30.489,0.232
136.378,113.181,49.869,30.356,0.233
136.877,113.484,49.812,30.224,0.234
137.375,113.786,49.755,30.091,0.235
137.872,114.086,49.698,29.959,0.236
138.369,114.385,49.642,29.826,0.237
138.865,114.682,49.585,29.694,0.238
139.36,114.979,49.529,29.563,0.239
139.855,115.274,49.473,29.431,0.24
140.35,115.567,49.417,29.3,0.241
140.844,115.86,49.361,29.169,0.242
141.337,116.151,49.305,29.038,0.243
141.83,116.44,49.25,28.907,0.244
142.322,116.729,49.194,28.777,0.245
142.814,117.016,49.139,28.646,0.246
143.305,117.302,49.084,28.516,0.247
143.795,117.586,49.03,28.387,0.248
144.285,117.869,48.975,28.257,0.249
144.775,118.151,48.921,28.127,0.25
145.264,118.432,48.866,27.998,0.251
145.752,118.711,48.812,27.869,0.252
146.24,118.989,48.758,27.74,0.253
146.727,119.266,48.704,27.612,0.254
147.214,119.542,48.651,27.483,0.255
147.7,119.816,48.597,27.355,0.256
148.186,120.089,48.544,27.227,0.257
148.671,120.36,48.491,27.099,0.258
149.156,120.631,48.438,26.972,0.259
149.64,120.9,48.385,26.844,0.26
150.123,121.168,48.333,26.717,0.261
150.607,121.434,48.28,26.59,0.262
151.089,121.699,48.228,26.463,0.263
151.571,121.963,48.176,26.337,0.264
152.053,122.226,48.124,26.21,0.265
152.534,122.488,48.072,26.084,0.266
153.014,122.748,48.02,25.958,0.267
153.494,123.007,47.969,25.832,0.268
153.973,123.264,47.917,25.706,0.269
154.452,123.521,47.866,25.581,0.27
154.931,123.776,47.815,25.456,0.271
155.409,124.03,47.764,25.331,0.272
155.886,124.283,47.713,25.206,0.273
156.363,124.534,47.663,25.081,0.274
156.839,124.784,47.612,24.956,0.275
157.315,125.033,47.562,24.832,0.276
157.791,125.281,47.512,24.708,0.277
158.265,125.527,47.462,24.584,0.278
158.74,125.773,47.412,24.46,0.279
159.214,126.017,47.362,24.336,0.28
159.687,126.259,47.313,24.213,0.281
160.16,126.501,47.263,24.089,0.282
160.632,126.741,47.214,23.966,0.283
161.104,126.98,47.165,23.843,0.284
161.576,127.218,47.116,23.72,0.285
162.046,127.455,47.067,23.598,0.286
162.517,127.69,47.018,23.475,0.287
162.987,127.924,46.97,23.353,0.288
163.456,128.157,46.921,23.231,0.289
163.925,128.389,46.873,23.109,0.29
164.394,128.619,46.825,22.987,0.291
164.862,128.848,46.777,22.866,0.292
165.329,129.076,46.729,22.744,0.293
165.796,129.303,46.681,22.623,0.294
166.263,129.529,46.633,22.502,0.295
166.729,129.753,46.586,22.381,0.296
167.195,129.977,46.539,22.26,0.297
167.66,130.199,46.491,22.14,0.298
168.124,130.419,46.444,22.019,0.299
168.589,130.639,46.397,21.899,0.3
169.052,130.857,46.351,21.779,0.301
169.516,131.075,46.304,21.659,0.302
169.978,131.291,46.257,21.539,0.303
170.441,131.505,46.211,21.42,0.304
170.903,131.719,46.165,21.3,0.305
171.364,131.931,46.119,21.181,0.306
171.825,132.143,46.073,21.062,0.307
172.286,132.353,46.027,20.943,0.308
172.746,132.561,45.981,20.824,0.309
173.205,132.769,45.935,20.705,0.31
173.664,132.975,45.89,20.587,0.311
174.123,133.181,45.844,20.468,0.312
174.581,133.385,45.799,20.35,0.313
175.039,133.588,45.754,20.232,0.314
175.496,133.789,45.709,20.114,0.315
175.953,133.99,45.664,19.996,0.316
176.41,134.189,45.619,19.879,0.317
176.866,134.388,45.575,19.761,0.318
177.321,134.585,45.53,19.644,0.319
177.776,134.781,45.486,19.527,0.32
178.231,134.975,45.442,19.41,0.321
178.685,135.169,45.397,19.293,0.322
179.139,135.361,45.353,19.176,0.323
179.592,135.552,45.31,19.06,0.324
180.045,135.742,45.266,18.943,0.325
180.497,135.931,45.222,18.827,0.326
180.949,136.119,45.179,18.711,0.327
181.401,136.305,45.135,18.595,0.328
181.852,136.491,45.092,18.479,0.329
182.303,136.675,45.049,18.363,0.33
182.753,136.858,45.006,18.247,0.331
183.203,137.04,44.963,18.132,0.332
183.652,137.221,44.92,18.017,0.333
184.101,137.4,44.877,17.902,0.334
184.55,137.579,44.834,17.787,0.335
184.998,137.756,44.792,17.672,0.336
185.446,137.932,44.749,17.557,0.337
185.893,138.107,44.707,17.442,0.338
186.34,138.281,44.665,17.328,0.339
186.786,138.454,44.623,17.213,0.34
187.232,138.625,44.581,17.099,0.341
187.678,138.796,44.539,16.985,0.342
188.123,138.965,44.497,16.871,0.343
188.568,139.133,44.456,16.757,0.344
189.012,139.3,44.414,16.644,0.345
189.456,139.466,44.373,16.53,0.346
189.9,139.631,44.331,16.417,0.347
190.343,139.794,44.29,16.304,0.348
190.785,139.957,44.249,16.19,0.349
191.228,140.118,44.208,16.077,0.35
191.67,140.278,44.167,15.964,0.351
192.111,140.437,44.126,15.852,0.352
192.552,140.595,44.086,15.739,0.353
192.993,140.752,44.045,15.627,0.354
193.433,140.908,44.005,15.514,0.355
193.873,141.062,43.964,15.402,0.356
194.312,141.216,43.924,15.29,0.357
194.751,141.368,43.884,15.178,0.358
195.19,141.519,43.844,15.066,0.359
195.628,141.669,43.804,14.954,0.36
196.066,141.818,43.764,14.843,0.361
196.503,141.966,43.724,14.731,0.362
196.941,142.113,43.685,14.62,0.363
197.377,142.259,43.645,14.508,0.364
197.813,142.403,43.605,14.397,0.365
198.249,142.547,43.566,14.286,0.366
198.685,142.689,43.527,14.175,0.367
199.12,142.83,43.488,14.065,0.368
199.555,142.97,43.449,13.954,0.369
199.989,143.109,43.41,13.843,0.37
200.423,143.247,43.371,13.733,0.371
200.856,143.384,43.332,13.623,0.372
201.289,143.52,43.293,13.512,0.373
201.722,143.654,43.255,13.402,0.374
202.154,143.788,43.216,13.292,0.375
202.586,143.92,43.178,13.183,0.376
203.018,144.051,43.139,13.073,0.377
203.449,144.181,43.101,12.963,0.378
203.88,144.311,43.063,12.854,0.379
204.31,144.439,43.025,12.744,0.38
204.74,144.565,42.987,12.635,0.381
205.17,144.691,42.949,12.526,0.382
205.599,144.816,42.911,12.417,0.383
206.028,144.94,42.874,12.308,0.384
206.457,145.062,42.836,12.199,0.385
206.885,145.184,42.798,12.09,0.386
207.313,145.304,42.761,11.982,0.387
207.74,145.423,42.724,11.873,0.388
208.167,145.541,42.686,11.765,0.389
208.594,145.658,42.649,11.657,0.39
209.02,145.775,42.612,11.549,0.391
209.446,145.889,42.575,11.44,0.392
209.872,146.003,42.538,11.333,0.393
210.297,146.116,42.501,11.225,0.394
210.722,146.228,42.465,11.117,0.395
211.146,146.338,42.428,11.009,0.396
211.57,146.448,42.391,10.902,0.397
211.994,146.556,42.355,10.794,0.398
212.418,146.664,42.319,10.687,0.399
212.841,146.77,42.282,10.58,0.4
213.263,146.875,42.246,10.473,0.401
213.685,146.98,42.21,10.366,0.402
214.107,147.083,42.174,10.259,0.403
214.529,147.185,42.138,10.152,0.404
214.95,147.286,42.102,10.045,0.405
215.371,147.386,42.066,9.939,0.406
215.791,147.485,42.03,9.832,0.407
216.212,147.582,41.995,9.726,0.408
216.631,147.679,41.959,9.62,0.409
217.051,147.775,41.923,9.514,0.41
217.47,147.869,41.888,9.408,0.411
217.889,147.963,41.853,9.302,0.412
218.307,148.055,41.817,9.196,0.413
218.725,148.147,41.782,9.09,0.414
219.143,148.237,41.747,8.984,0.415
219.56,148.327,41.712,8.879,0.416
219.977,148.415,41.677,8.773,0.417
220.393,148.502,41.642,8.668,0.418
220.81,148.588,41.607,8.563,0.419
221.226,148.673,41.572,8.457,0.42
221.641,148.757,41.538,8.352,0.421
222.056,148.84,41.503,8.247,0.422
222.471,148.922,41.469,8.142,0.423
222.886,149.003,41.434,8.038,0.424
223.3,149.083,41.4,7.933,0.425
223.714,149.162,41.365,7.828,0.426
224.127,149.24,41.331,7.724,0.427
224.54,149.316,41.297,7.619,0.428
224.953,149.392,41.263,7.515,0.429
225.366,149.467,41.229,7.411,0.43
225.778,149.54,41.195,7.307,0.431
226.189,149.613,41.161,7.203,0.432
226.601,149.684,41.127,7.099,0.433
227.012,149.755,41.093,6.995,0.434
227.423,149.824,41.06,6.891,0.435
227.833,149.893,41.026,6.788,0.436
228.243,149.96,40.993,6.684,0.437
228.653,150.026,40.959,6.58,0.438
229.062,150.092,40.926,6.477,0.439
229.472,150.156,40.892,6.374,0.44
229.88,150.219,40.859,6.271,0.441
230.289,150.281,40.826,6.167,0.442
230.697,150.342,40.793,6.064,0.443
231.105,150.402,40.76,5.961,0.444
231.512,150.462,40.727,5.859,0.445
231.919,150.52,40.694,5.756,0.446
232.326,150.577,40.661,5.653,0.447
232.732,150.633,40.628,5.551,0.448
233.138,150.688,40.595,5.448,0.449
233.544,150.742,40.562,5.346,0.45
233.95,150.795,40.53,5.243,0.451
234.355,150.847,40.497,5.141,0.452
234.76,150.897,40.465,5.039,0.453
235.164,150.947,40.432,4.937,0.454
235.568,150.996,40.4,4.835,0.455
235.972,151.044,40.367,4.733,0.456
236.376,151.091,40.335,4.631,0.457
236.779,151.137,40.303,4.529,0.458
237.182,151.181,40.271,4.428,0.459
237.584,151.225,40.239,4.326,0.46
237.986,151.268,40.207,4.225,0.461
238.388,151.31,40.175,4.123,0.462
238.79,151.35,40.143,4.022,0.463
239.191,151.39,40.111,3.921,0.464
239.592,151.429,40.079,3.82,0.465
239.993,151.467,40.047,3.719,0.466
240.393,151.503,40.016,3.618,0.467
240.793,151.539,39.984,3.517,0.468
241.193,151.574,39.953,3.416,0.469
241.592,151.607,39.921,3.315,0.47
241.991,151.64,39.89,3.215,0.471
242.39,151.672,39.858,3.114,0.472
242.788,151.702,39.827,3.014,0.473
243.186,151.732,39.796,2.913,0.474
243.584,151.76,39.764,2.813,0.475
243.982,151.788,39.733,2.713,0.476
244.379,151.815,39.702,2.613,0.477
244.776,151.84,39.671,2.512,0.478
245.172,151.865,39.64,2.412,0.479
245.569,151.889,39.609,2.313,0.48
245.965,151.911,39.578,2.213,0.481
246.36,151.933,39.547,2.113,0.482
246.756,151.953,39.516,2.013,0.483
247.151,151.973,39.486,1.914,0.484
247.545,151.992,39.455,1.814,0.485
247.94,152.009,39.424,1.715,0.486
248.334,152.026,39.394,1.615,0.487
248.727,152.042,39.363,1.516,0.488
249.121,152.056,39.333,1.417,0.489
249.514,152.07,39.302,1.318,0.49
249.907,152.083,39.272,1.219,0.491
250.3,152.094,39.241,1.12,0.492
250.692,152.105,39.211,1.021,0.493
251.084,152.115,39.181,0.922,0.494
251.475,152.123,39.151,0.823,0.495
251.867,152.131,39.12,0.725,0.496
252.258,152.138,39.09,0.626,0.497
252.649,152.144,39.06,0.528,0.498
253.039,152.149,39.03,0.429,0.499
253.429,152.152,39,0.331,0.5
253.819,152.155,38.97,0.232,0.501
254.209,152.157,38.941,0.134,0.502
254.598,152.158,38.911,0.036,0.503
254.987,152.158,38.881,-0.062,0.504
255.376,152.157,38.851,-0.16,0.505
255.764,152.155,38.821,-0.258,0.506
256.152,152.151,38.792,-0.356,0.507
256.54,152.147,38.762,-0.453,0.508
256.927,152.142,38.733,-0.551,0.509
257.314,152.136,38.703,-0.649,0.51
257.701,152.129,38.674,-0.746,0.511
258.088,152.121,38.644,-0.844,0.512
258.474,152.113,38.615,-0.941,0.513
258.86,152.103,38.586,-1.038,0.514
259.246,152.092,38.556,-1.136,0.515
259.631,152.08,38.527,-1.233,0.516
260.016,152.067,38.498,-1.33,0.517
260.401,152.053,38.469,-1.427,0.518
260.786,152.039,38.439,-1.524,0.519
261.17,152.023,38.41,-1.621,0.52
261.554,152.006,38.381,-1.718,0.521
261.938,151.988,38.352,-1.814,0.522
262.321,151.97,38.323,-1.911,0.523
262.704,151.95,38.294,-2.008,0.524
263.087,151.93,38.265,-2.104,0.525
263.469,151.908,38.237,-2.2,0.526
263.852,151.886,38.208,-2.297,0.527
264.234,151.862,38.179,-2.393,0.528
264.615,151.838,38.15,-2.489,0.529
264.997,151.812,38.122,-2.586,0.53
265.378,151.786,38.093,-2.682,0.531
265.758,151.759,38.064,-2.778,0.532
266.139,151.731,38.036,-2.874,0.533
266.519,151.701,38.007,-2.969,0.534
266.899,151.671,37.979,-3.065,0.535
267.279,151.64,37.95,-3.161,0.536
267.658,151.608,37.922,-3.257,0.537
268.037,151.575,37.893,-3.352,0.538
268.416,151.541,37.865,-3.448,0.539
268.794,151.506,37.837,-3.543,0.54
269.173,151.47,37.808,-3.639,0.541
269.551,151.433,37.78,-3.734,0.542
269.928,151.395,37.752,-3.829,0.543
270.306,151.357,37.724,-3.924,0.544
270.683,151.317,37.696,-4.019,0.545
271.06,151.276,37.667,-4.114,0.546
271.436,151.235,37.639,-4.209,0.547
271.812,151.192,37.611,-4.304,0.548
272.188,151.149,37.583,-4.399,0.549
272.564,151.104,37.555,-4.494,0.55
272.939,151.059,37.527,-4.589,0.551
273.315,151.012,37.499,-4.683,0.552
273.689,150.965,37.472,-4.778,0.553
274.064,150.917,37.444,-4.872,0.554
274.438,150.868,37.416,-4.967,0.555
274.812,150.817,37.388,-5.061,0.556
275.186,150.766,37.36,-5.155,0.557
275.56,150.714,37.333,-5.249,0.558
275.933,150.661,37.305,-5.344,0.559
276.306,150.607,37.277,-5.438,0.56
276.678,150.553,37.25,-5.532,0.561
277.051,150.497,37.222,-5.626,0.562
277.423,150.44,37.195,-5.719,0.563
277.795,150.382,37.167,-5.813,0.564
278.166,150.324,37.139,-5.907,0.565
278.537,150.264,37.112,-6.001,0.566
278.908,150.204,37.085,-6.094,0.567
279.279,150.142,37.057,-6.188,0.568
279.649,150.08,37.03,-6.281,0.569
280.02,150.017,37.002,-6.375,0.57
280.389,149.953,36.975,-6.468,0.571
280.759,149.887,36.948,-6.561,0.572
281.128,149.821,36.92,-6.654,0.573
281.497,149.754,36.893,-6.747,0.574
281.866,149.686,36.866,-6.84,0.575
282.235,149.618,36.839,-6.933,0.576
282.603,149.548,36.812,-7.026,0.577
282.971,149.477,36.784,-7.119,0.578
283.339,149.405,36.757,-7.212,0.579
283.706,149.333,36.73,-7.305,0.58
284.073,149.259,36.703,-7.397,0.581
284.44,149.185,36.676,-7.49,0.582
284.807,149.109,36.649,-7.582,0.583
285.173,149.033,36.622,-7.675,0.584
285.539,148.956,36.595,-7.767,0.585
285.905,148.878,36.568,-7.86,0.586
286.271,148.799,36.541,-7.952,0.587
286.636,148.719,36.514,-8.044,0.588
287.001,148.638,36.487,-8.136,0.589
287.366,148.556,36.461,-8.228,0.59
287.73,148.473,36.434,-8.32,0.591
288.094,148.39,36.407,-8.412,0.592
288.458,148.305,36.38,-8.504,0.593
288.822,148.22,36.354,-8.596,0.594
289.185,148.133,36.327,-8.687,0.595
289.549,148.046,36.3,-8.779,0.596
289.911,147.958,36.273,-8.871,0.597
290.274,147.868,36.247,-8.962,0.598
290.636,147.778,36.22,-9.054,0.599
290.998,147.687,36.194,-9.145,0.6
291.36,147.595,36.167,-9.236,0.601
291.722,147.503,36.14,-9.328,0.602
292.083,147.409,36.114,-9.419,0.603
292.444,147.314,36.087,-9.51,0.604
292.805,147.219,36.061,-9.601,0.605
293.165,147.122,36.034,-9.692,0.606
293.525,147.025,36.008,-9.783,0.607
293.885,146.927,35.981,-9.874,0.608
294.245,146.827,35.955,-9.964,0.609
294.604,146.727,35.929,-10.055,0.61
294.964,146.626,35.902,-10.146,0.611
295.323,146.524,35.876,-10.236,0.612
295.681,146.422,35.849,-10.327,0.613
296.04,146.318,35.823,-10.417,0.614
296.398,146.213,35.797,-10.508,0.615
296.755,146.108,35.771,-10.598,0.616
297.113,146.001,35.744,-10.688,0.617
297.47,145.894,35.718,-10.778,0.618
297.827,145.786,35.692,-10.869,0.619
298.184,145.677,35.666,-10.959,0.62
298.541,145.567,35.639,-11.049,0.621
298.897,145.456,35.613,-11.138,0.622
299.253,145.344,35.587,-11.228,0.623
299.609,145.231,35.561,-11.318,0.624
299.964,145.117,35.535,-11.408,0.625
300.319,145.003,35.509,-11.497,0.626
300.674,144.887,35.483,-11.587,0.627
301.029,144.771,35.457,-11.677,0.628
301.383,144.654,35.431,-11.766,0.629
301.738,144.536,35.405,-11.855,0.63
302.092,144.417,35.379,-11.945,0.631
302.445,144.297,35.353,-12.034,0.632
302.799,144.176,35.327,-12.123,0.633
303.152,144.054,35.301,-12.212,0.634
303.505,143.932,35.275,-12.301,0.635
303.857,143.808,35.249,-12.39,0.636
304.21,143.684,35.223,-12.479,0.637
304.562,143.559,35.197,-12.568,0.638
304.914,143.433,35.171,-12.657,0.639
305.265,143.306,35.145,-12.746,0.64
305.616,143.178,35.119,-12.834,0.641
305.968,143.049,35.093,-12.923,0.642
306.318,142.919,35.068,-13.011,0.643
306.669,142.789,35.042,-13.1,0.644
307.019,142.657,35.016,-13.188,0.645
307.369,142.525,34.99,-13.276,0.646
307.719,142.392,34.964,-13.365,0.647
308.068,142.258,34.939,-13.453,0.648
308.418,142.123,34.913,-13.541,0.649
308.767,141.987,34.887,-13.629,0.65
309.115,141.85,34.861,-13.717,0.651
309.464,141.713,34.836,-13.805,0.652
309.812,141.574,34.81,-13.893,0.653
310.16,141.435,34.784,-13.981,0.654
310.508,141.294,34.759,-14.068,0.655
310.855,141.153,34.733,-14.156,0.656
311.203,141.011,34.707,-14.244,0.657
311.549,140.868,34.682,-14.331,0.658
311.896,140.725,34.656,-14.419,0.659
312.243,140.58,34.631,-14.506,0.66
312.589,140.435,34.605,-14.593,0.661
312.935,140.288,34.579,-14.68,0.662
313.28,140.141,34.554,-14.768,0.663
313.626,139.993,34.528,-14.855,0.664
313.971,139.844,34.503,-14.942,0.665
314.316,139.694,34.477,-15.029,0.666
314.66,139.543,34.452,-15.116,0.667
315.005,139.392,34.426,-15.202,0.668
315.349,139.239,34.401,-15.289,0.669
315.693,139.086,34.375,-15.376,0.67
316.037,138.932,34.35,-15.463,0.671
316.38,138.777,34.324,-15.549,0.672
316.723,138.621,34.299,-15.636,0.673
317.066,138.464,34.273,-15.722,0.674
317.408,138.306,34.248,-15.808,0.675
317.751,138.148,34.222,-15.895,0.676
318.093,137.988,34.197,-15.981,0.677
318.435,137.828,34.172,-16.067,0.678
318.776,137.667,34.146,-16.153,0.679
319.118,137.505,34.121,-16.239,0.68
319.459,137.342,34.095,-16.325,0.681
319.8,137.179,34.07,-16.411,0.682
320.14,137.014,34.045,-16.497,0.683
320.48,136.849,34.019,-16.583,0.684
320.821,136.682,33.994,-16.668,0.685
321.16,136.515,33.969,-16.754,0.686
321.5,136.347,33.943,-16.839,0.687
321.839,136.179,33.918,-16.925,0.688
322.178,136.009,33.893,-17.01,0.689
322.517,135.838,33.867,-17.096,0.69
322.856,135.667,33.842,-17.181,0.691
323.194,135.495,33.817,-17.266,0.692
323.532,135.322,33.792,-17.351,0.693
323.87,135.148,33.766,-17.436,0.694
324.207,134.973,33.741,-17.521,0.695
324.545,134.797,33.716,-17.606,0.696
324.882,134.621,33.691,-17.691,0.697
325.218,134.443,33.665,-17.776,0.698
325.555,134.265,33.64,-17.861,0.699
325.891,134.086,33.615,-17.945,0.7
326.227,133.906,33.59,-18.03,0.701
326.563,133.726,33.564,-18.114,0.702
326.898,133.544,33.539,-18.199,0.703
327.234,133.362,33.514,-18.283,0.704
327.569,133.178,33.489,-18.367,0.705
327.904,132.994,33.464,-18.452,0.706
328.238,132.809,33.438,-18.536,0.707
328.572,132.624,33.413,-18.62,0.708
328.906,132.437,33.388,-18.704,0.709
329.24,132.25,33.363,-18.788,0.71
329.574,132.061,33.338,-18.872,0.711
329.907,131.872,33.313,-18.955,0.712
330.24,131.682,33.288,-19.039,0.713
330.573,131.491,33.262,-19.123,0.714
330.905,131.3,33.237,-19.206,0.715
331.237,131.107,33.212,-19.29,0.716
331.569,130.914,33.187,-19.373,0.717
331.901,130.72,33.162,-19.457,0.718
332.233,130.525,33.137,-19.54,0.719
332.564,130.329,33.112,-19.623,0.72
332.895,130.132,33.087,-19.706,0.721
333.226,129.935,33.062,-19.789,0.722
333.556,129.736,33.037,-19.872,0.723
333.886,129.537,33.011,-19.955,0.724
334.216,129.337,32.986,-20.038,0.725
334.546,129.137,32.961,-20.121,0.726
334.875,128.935,32.936,-20.204,0.727
335.205,128.733,32.911,-20.286,0.728
335.534,128.529,32.886,-20.369,0.729
335.862,128.325,32.861,-20.452,0.73
336.191,128.12,32.836,-20.534,0.731
336.519,127.914,32.811,-20.616,0.732
336.847,127.708,32.786,-20.699,0.733
337.175,127.5,32.761,-20.781,0.734
337.502,127.292,32.736,-20.863,0.735
337.83,127.083,32.711,-20.945,0.736
338.157,126.873,32.686,-21.027,0.737
338.483,126.663,32.661,-21.109,0.738
338.81,126.451,32.636,-21.191,0.739
339.136,126.239,32.611,-21.273,0.74
339.462,126.026,32.586,-21.355,0.741
339.788,125.812,32.561,-21.436,0.742
340.113,125.597,32.536,-21.518,0.743
340.438,125.381,32.511,-21.599,0.744
340.763,125.165,32.486,-21.681,0.745
341.088,124.948,32.461,-21.762,0.746
341.413,124.73,32.436,-21.843,0.747
341.737,124.511,32.411,-21.925,0.748
342.061,124.291,32.386,-22.006,0.749
342.385,124.071,32.361,-22.087,0.75
342.708,123.85,32.336,-22.168,0.751
343.031,123.627,32.311,-22.249,0.752
343.354,123.405,32.286,-22.329,0.753
343.677,123.181,32.261,-22.41,0.754
344,122.956,32.236,-22.491,0.755
344.322,122.731,32.211,-22.572,0.756
344.644,122.505,32.187,-22.652,0.757
344.966,122.278,32.162,-22.733,0.758
345.287,122.05,32.137,-22.813,0.759
345.608,121.822,32.112,-22.893,0.76
345.929,121.592,32.087,-22.974,0.761
346.25,121.362,32.062,-23.054,0.762
346.571,121.131,32.037,-23.134,0.763
346.891,120.9,32.012,-23.214,0.764
347.211,120.667,31.987,-23.294,0.765
347.531,120.434,31.962,-23.374,0.766
347.85,120.2,31.937,-23.454,0.767
348.169,119.965,31.912,-23.533,0.768
348.488,119.729,31.887,-23.613,0.769
348.807,119.492,31.863,-23.693,0.77
349.126,119.255,31.838,-23.772,0.771
349.444,119.017,31.813,-23.851,0.772
349.762,118.778,31.788,-23.931,0.773
350.08,118.538,31.763,-24.01,0.774
350.397,118.298,31.738,-24.089,0.775
350.714,118.057,31.713,-24.168,0.776
351.031,117.814,31.688,-24.248,0.777
351.348,117.572,31.663,-24.326,0.778
351.665,117.328,31.638,-24.405,0.779
351.981,117.083,31.614,-24.484,0.78
352.297,116.838,31.589,-24.563,0.781
352.613,116.592,31.564,-24.642,0.782
352.928,116.345,31.539,-24.72,0.783
353.243,116.098,31.514,-24.799,0.784
353.558,115.849,31.489,-24.877,0.785
353.873,115.6,31.464,-24.956,0.786
354.188,115.35,31.439,-25.034,0.787
354.502,115.1,31.415,-25.112,0.788
354.816,114.848,31.39,-25.19,0.789
355.13,114.596,31.365,-25.268,0.79
355.443,114.343,31.34,-25.346,0.791
355.757,114.089,31.315,-25.424,0.792
356.07,113.834,31.29,-25.502,0.793
356.382,113.579,31.265,-25.58,0.794
356.695,113.323,31.24,-25.658,0.795
357.007,113.066,31.216,-25.735,0.796
357.319,112.808,31.191,-25.813,0.797
357.631,112.549,31.166,-25.89,0.798
357.942,112.29,31.141,-25.967,0.799
358.254,112.03,31.116,-26.045,0.8
358.565,111.769,31.091,-26.122,0.801
358.876,111.508,31.066,-26.199,0.802
359.186,111.245,31.042,-26.276,0.803
359.496,110.982,31.017,-26.353,0.804
359.806,110.718,30.992,-26.43,0.805
360.116,110.454,30.967,-26.507,0.806
360.426,110.188,30.942,-26.584,0.807
360.735,109.922,30.917,-26.66,0.808
361.044,109.655,30.892,-26.737,0.809
361.353,109.387,30.868,-26.814,0.81
361.662,109.119,30.843,-26.89,0.811
361.97,108.849,30.818,-26.966,0.812
362.278,108.579,30.793,-27.043,0.813
362.586,108.308,30.768,-27.119,0.814
362.893,108.037,30.743,-27.195,0.815
363.201,107.765,30.719,-27.271,0.816
363.508,107.491,30.694,-27.347,0.817
363.814,107.218,30.669,-27.423,0.818
364.121,106.943,30.644,-27.499,0.819
364.427,106.668,30.619,-27.574,0.82
364.733,106.392,30.594,-27.65,0.821
365.039,106.115,30.569,-27.726,0.822
365.345,105.837,30.545,-27.801,0.823
365.65,105.559,30.52,-27.877,0.824
365.955,105.279,30.495,-27.952,0.825
366.26,105,30.47,-28.027,0.826
366.565,104.719,30.445,-28.102,0.827
366.869,104.438,30.42,-28.177,0.828
367.173,104.155,30.396,-28.252,0.829
367.477,103.872,30.371,-28.327,0.83
367.78,103.589,30.346,-28.402,0.831
368.084,103.304,30.321,-28.477,0.832
368.387,103.019,30.296,-28.552,0.833
368.69,102.733,30.271,-28.626,0.834
368.992,102.447,30.247,-28.701,0.835
369.295,102.159,30.222,-28.775,0.836
369.597,101.871,30.197,-28.85,0.837
369.899,101.582,30.172,-28.924,0.838
370.2,101.293,30.147,-28.998,0.839
370.501,101.002,30.123,-29.072,0.84
370.803,100.711,30.098,-29.147,0.841
371.103,100.419,30.073,-29.221,0.842
371.404,100.127,30.048,-29.294,0.843
371.704,99.834,30.023,-29.368,0.844
372.004,99.54,29.998,-29.442,0.845
372.304,99.245,29.974,-29.516,0.846
372.604,98.949,29.949,-29.589,0.847
372.903,98.653,29.924,-29.663,0.848
373.202,98.356,29.899,-29.736,0.849
373.501,98.058,29.874,-29.809,0.85
373.8,97.76,29.849,-29.883,0.851
374.098,97.461,29.825,-29.956,0.852
374.396,97.161,29.8,-30.029,0.853
374.694,96.86,29.775,-30.102,0.854
374.992,96.559,29.75,-30.175,0.855
375.289,96.257,29.725,-30.248,0.856
375.586,95.954,29.701,-30.321,0.857
375.883,95.65,29.676,-30.393,0.858
376.18,95.346,29.651,-30.466,0.859
376.476,95.041,29.626,-30.538,0.86
376.772,94.735,29.601,-30.611,0.861
377.068,94.429,29.576,-30.683,0.862
377.364,94.121,29.552,-30.755,0.863
377.659,93.813,29.527,-30.828,0.864
377.955,93.505,29.502,-30.9,0.865
378.249,93.195,29.477,-30.972,0.866
378.544,92.885,29.452,-31.044,0.867
378.838,92.575,29.428,-31.116,0.868
379.133,92.263,29.403,-31.187,0.869
379.427,91.951,29.378,-31.259,0.87
379.72,91.638,29.353,-31.331,0.871
380.014,91.324,29.328,-31.402,0.872
380.307,91.01,29.304,-31.474,0.873
380.6,90.695,29.279,-31.545,0.874
380.892,90.379,29.254,-31.616,0.875
381.185,90.062,29.229,-31.688,0.876
381.477,89.745,29.204,-31.759,0.877
381.769,89.427,29.179,-31.83,0.878
382.06,89.109,29.155,-31.901,0.879
382.352,88.789,29.13,-31.972,0.88
382.643,88.469,29.105,-32.043,0.881
382.934,88.148,29.08,-32.113,0.882
383.225,87.827,29.055,-32.184,0.883
383.515,87.505,29.031,-32.254,0.884
383.805,87.182,29.006,-32.325,0.885
384.095,86.858,28.981,-32.395,0.886
384.385,86.534,28.956,-32.466,0.887
384.674,86.209,28.931,-32.536,0.888
384.964,85.883,28.907,-32.606,0.889
385.252,85.557,28.882,-32.676,0.89
385.541,85.23,28.857,-32.746,0.891
385.83,84.902,28.832,-32.816,0.892
386.118,84.573,28.807,-32.886,0.893
386.406,84.244,28.783,-32.955,0.894
386.693,83.914,28.758,-33.025,0.895
386.981,83.584,28.733,-33.095,0.896
387.268,83.252,28.708,-33.164,0.897
387.555,82.92,28.684,-33.233,0.898
387.842,82.588,28.659,-33.303,0.899
388.128,82.254,28.634,-33.372,0.9
388.414,81.92,28.609,-33.441,0.901
388.7,81.585,28.584,-33.51,0.902
388.986,81.25,28.56,-33.579,0.903
389.272,80.914,28.535,-33.648,0.904
389.557,80.577,28.51,-33.717,0.905
389.842,80.24,28.485,-33.785,0.906
390.127,79.901,28.46,-33.854,0.907
390.411,79.562,28.436,-33.923,0.908
390.695,79.223,28.411,-33.991,0.909
390.979,78.883,28.386,-34.059,0.91
391.263,78.542,28.361,-34.128,0.911
391.547,78.2,28.337,-34.196,0.912
391.83,77.858,28.312,-34.264,0.913
392.113,77.515,28.287,-34.332,0.914
392.395,77.171,28.262,-34.4,0.915
392.678,76.827,28.237,-34.468,0.916
392.96,76.482,28.213,-34.536,0.917
393.242,76.136,28.188,-34.603,0.918
393.524,75.79,28.163,-34.671,0.919
393.806,75.443,28.138,-34.739,0.92
394.087,75.095,28.114,-34.806,0.921
394.368,74.747,28.089,-34.873,0.922
394.649,74.398,28.064,-34.941,0.923
394.929,74.048,28.039,-35.008,0.924
395.209,73.697,28.015,-35.075,0.925
395.489,73.346,27.99,-35.142,0.926
395.769,72.995,27.965,-35.209,0.927
396.049,72.642,27.94,-35.276,0.928
396.328,72.289,27.916,-35.343,0.929
396.607,71.935,27.891,-35.409,0.93
396.886,71.581,27.866,-35.476,0.931
397.164,71.226,27.841,-35.542,0.932
397.443,70.87,27.817,-35.609,0.933
397.721,70.514,27.792,-35.675,0.934
397.998,70.156,27.767,-35.741,0.935
398.276,69.799,27.742,-35.808,0.936
398.553,69.44,27.718,-35.874,0.937
398.83,69.081,27.693,-35.94,0.938
399.107,68.722,27.668,-36.006,0.939
399.384,68.361,27.643,-36.071,0.94
399.66,68,27.619,-36.137,0.941
399.936,67.638,27.594,-36.203,0.942
400.212,67.276,27.569,-36.268,0.943
400.487,66.913,27.544,-36.334,0.944
400.763,66.549,27.52,-36.399,0.945
401.038,66.185,27.495,-36.465,0.946
401.313,65.82,27.47,-36.53,0.947
401.587,65.454,27.446,-36.595,0.948
401.862,65.088,27.421,-36.66,0.949
402.136,64.721,27.396,-36.725,0.95
402.409,64.354,27.371,-36.79,0.951
402.683,63.985,27.347,-36.855,0.952
402.956,63.617,27.322,-36.92,0.953
403.23,63.247,27.297,-36.984,0.954
403.502,62.877,27.273,-37.049,0.955
403.775,62.506,27.248,-37.113,0.956
404.047,62.135,27.223,-37.178,0.957
404.319,61.763,27.199,-37.242,0.958
404.591,61.39,27.174,-37.306,0.959
404.863,61.016,27.149,-37.37,0.96
405.134,60.642,27.124,-37.434,0.961
405.405,60.268,27.1,-37.498,0.962
405.676,59.892,27.075,-37.562,0.963
405.947,59.516,27.05,-37.626,0.964
406.217,59.14,27.026,-37.69,0.965
406.487,58.763,27.001,-37.753,0.966
406.757,58.385,26.976,-37.817,0.967
407.027,58.006,26.952,-37.88,0.968
407.296,57.627,26.927,-37.944,0.969
407.565,57.247,26.902,-38.007,0.97
407.834,56.867,26.878,-38.07,0.971
408.103,56.486,26.853,-38.133,0.972
408.371,56.104,26.828,-38.196,0.973
408.64,55.722,26.804,-38.259,0.974
408.908,55.339,26.779,-38.322,0.975
409.175,54.956,26.754,-38.385,0.976
409.443,54.572,26.73,-38.447,0.977
409.71,54.187,26.705,-38.51,0.978
409.977,53.801,26.681,-38.572,0.979
410.243,53.415,26.656,-38.635,0.98
410.51,53.029,26.631,-38.697,0.981
410.776,52.641,26.607,-38.759,0.982
411.042,52.253,26.582,-38.821,0.983
411.308,51.865,26.557,-38.883,0.984
411.573,51.476,26.533,-38.945,0.985
411.838,51.086,26.508,-39.007,0.986
412.103,50.696,26.484,-39.069,0.987
412.368,50.305,26.459,-39.131,0.988
412.632,49.913,26.434,-39.192,0.989
412.897,49.521,26.41,-39.254,0.99
413.161,49.128,26.385,-39.316,0.991
413.424,48.734,26.361,-39.377,0.992
413.688,48.34,26.336,-39.438,0.993
413.951,47.946,26.311,-39.499,0.994
414.214,47.55,26.287,-39.56,0.995
414.477,47.155,26.262,-39.622,0.996
414.739,46.758,26.238,-39.682,0.997
415.002,46.361,26.213,-39.743,0.998
415.264,45.963,26.188,-39.804,0.999
415.525,45.565,26.164,-39.865,1
415.787,45.166,26.139,-39.925,1.001
416.048,44.766,26.115,-39.986,1.002
416.309,44.366,26.09,-40.046,1.003
416.57,43.965,26.066,-40.107,1.004
416.83,43.564,26.041,-40.167,1.005
417.091,43.162,26.017,-40.227,1.006
417.351,42.759,25.992,-40.287,1.007
417.611,42.356,25.968,-40.347,1.008
417.87,41.953,25.943,-40.407,1.009
418.129,41.548,25.919,-40.467,1.01
418.389,41.143,25.894,-40.527,1.011
418.647,40.738,25.869,-40.586,1.012
418.906,40.331,25.845,-40.646,1.013
419.164,39.925,25.82,-40.705,1.014
419.422,39.517,25.796,-40.765,1.015
419.68,39.109,25.771,-40.824,1.016
419.938,38.701,25.747,-40.883,1.017
420.195,38.292,25.722,-40.942,1.018
420.452,37.882,25.698,-41.001,1.019
420.709,37.472,25.674,-41.06,1.02
420.966,37.061,25.649,-41.119,1.021
421.222,36.649,25.625,-41.178,1.022
421.478,36.237,25.6,-41.237,1.023
421.734,35.825,25.576,-41.295,1.024
421.99,35.411,25.551,-41.354,1.025
422.245,34.998,25.527,-41.412,1.026
422.5,34.583,25.502,-41.471,1.027
422.755,34.168,25.478,-41.529,1.028
423.01,33.753,25.453,-41.587,1.029
423.264,33.336,25.429,-41.645,1.03
423.518,32.92,25.405,-41.703,1.031
423.772,32.502,25.38,-41.761,1.032
424.026,32.084,25.356,-41.819,1.033
424.279,31.666,25.331,-41.877,1.034
424.533,31.247,25.307,-41.934,1.035
424.786,30.827,25.283,-41.992,1.036
425.038,30.407,25.258,-42.05,1.037
425.291,29.986,25.234,-42.107,1.038
425.543,29.565,25.209,-42.164,1.039
425.795,29.143,25.185,-42.222,1.04
426.047,28.72,25.161,-42.279,1.041
426.298,28.297,25.136,-42.336,1.042
426.549,27.874,25.112,-42.393,1.043
426.8,27.45,25.087,-42.45,1.044
427.051,27.025,25.063,-42.507,1.045
427.302,26.599,25.039,-42.563,1.046
427.552,26.173,25.014,-42.62,1.047
427.802,25.747,24.99,-42.676,1.048
428.052,25.32,24.966,-42.733,1.049
428.301,24.892,24.941,-42.789,1.05
428.55,24.464,24.917,-42.846,1.051
428.8,24.035,24.893,-42.902,1.052
429.048,23.606,24.869,-42.958,1.053
429.297,23.176,24.844,-43.014,1.054
429.545,22.746,24.82,-43.07,1.055
429.793,22.315,24.796,-43.126,1.056
430.041,21.883,24.771,-43.182,1.057
430.289,21.451,24.747,-43.237,1.058
430.536,21.019,24.723,-43.293,1.059
430.783,20.585,24.699,-43.348,1.06
431.03,20.152,24.674,-43.404,1.061
431.277,19.717,24.65,-43.459,1.062
431.523,19.282,24.626,-43.515,1.063
431.769,18.847,24.602,-43.57,1.064
432.015,18.411,24.577,-43.625,1.065
432.261,17.974,24.553,-43.68,1.066
432.506,17.537,24.529,-43.735,1.067
432.751,17.1,24.505,-43.79,1.068
432.996,16.662,24.48,-43.844,1.069
433.241,16.223,24.456,-43.899,1.07
433.485,15.784,24.432,-43.954,1.071
433.73,15.344,24.408,-44.008,1.072
433.974,14.903,24.384,-44.063,1.073
434.217,14.463,24.36,-44.117,1.074
434.461,14.021,24.335,-44.171,1.075
434.704,13.579,24.311,-44.225,1.076
434.947,13.137,24.287,-44.279,1.077
435.19,12.694,24.263,-44.333,1.078
435.432,12.25,24.239,-44.387,1.079
435.674,11.806,24.215,-44.441,1.08
435.916,11.361,24.191,-44.495,1.081
436.158,10.916,24.166,-44.549,1.082
436.4,10.47,24.142,-44.602,1.083
436.641,10.024,24.118,-44.656,1.084
436.882,9.577,24.094,-44.709,1.085
437.123,9.13,24.07,-44.762,1.086
437.364,8.682,24.046,-44.816,1.087
437.604,8.233,24.022,-44.869,1.088
437.844,7.784,23.998,-44.922,1.089
438.084,7.335,23.974,-44.975,1.09
438.324,6.885,23.95,-45.028,1.091
438.563,6.434,23.926,-45.08,1.092
438.802,5.983,23.902,-45.133,1.093
439.041,5.532,23.878,-45.186,1.094
439.28,5.08,23.854,-45.238,1.095
439.518,4.627,23.83,-45.291,1.096
439.756,4.174,23.806,-45.343,1.097
439.994,3.72,23.782,-45.396,1.098
440.232,3.266,23.758,-45.448,1.099
440.469,2.811,23.734,-45.5,1.1
440.706,2.356,23.71,-45.552,1.101
440.943,1.9,23.686,-45.604,1.102
441.18,1.444,23.662,-45.656,1.103
441.417,0.987,23.638,-45.708,1.104
441.653,0.53,23.614,-45.759,1.105
441.889,0.072,23.59,-45.811,1.106
